,ID,Session,Loading,P,P_l,P_h,G,G_l,G_h,T,T_l,T_h,F,F_l,F_h,grasps,crushes,drops,Mental Demand,Physical Demand,Temporal Demand,Performance,Effort,Frustration Level,It is easy to understand.,It is distracting.,It is user-friendly.,Using it is effortless.,Both occasional and Regular users would like it.,It is difficult to learn how to use.,It works the way I want it to work.,It is pleasant to use.,TLX totals,Q totals,Feedback
0,021,1,CL,0.38139405,0.36155999999999994,0.40267968749999994,0.7304999999999999,0.6549999999999999,0.84375,0.5221,0.5519999999999999,0.47724999999999995,1302.9999999999998,1286.2222222222224,1328.1666666666665,11.0,3.0,1.0,15.0,8.0,10.0,13.0,12.0,11.0,6.0,5.0,5.0,4.0,4.0,6.0,4.0,4.0,69.0,38.0,True
1,021,1,NL,0.35737939999999996,0.30151152777777773,0.4229296875,0.643,0.5091666666666667,0.84375,0.5558,0.5921666666666666,0.50125,1240.1666666666667,998.8333333333331,1602.1666666666665,12.0,6.0,1.0,4.0,8.0,8.0,9.0,10.0,9.0,6.0,7.0,7.0,4.0,5.0,7.0,5.0,4.0,48.0,45.0,True
2,021,2,CL,0.210277125,0.0,0.3540122222222222,0.409,0.0,0.6816666666666666,0.514125,0.4985,0.5193333333333333,800.3703703703703,1064.6666666666667,668.2222222222223,29.0,20.0,11.0,10.0,10.0,14.0,10.0,12.0,13.0,6.0,3.0,4.0,4.0,4.0,6.0,6.0,4.0,69.0,37.0,True
3,021,2,NL,0.2613451875,0.08756666666666665,0.46595480000000006,0.4965,0.284,0.709,0.526375,0.3083333333333333,0.6572000000000001,685.2666666666667,685.4666666666667,685.0666666666666,23.0,19.0,6.0,6.0,10.0,9.0,11.0,12.0,10.0,7.0,6.0,5.0,4.0,5.0,7.0,5.0,4.0,58.0,43.0,True
4,021,3,CL,0.1643645,0.07590624999999997,0.263925,0.634,0.4375,0.765,0.25925,0.17349999999999993,0.34500000000000003,1058.7333333333331,1104.8333333333333,1028.0,7.0,2.0,1.0,9.0,10.0,11.0,8.0,11.0,10.0,7.0,4.0,6.0,5.0,5.0,7.0,4.0,5.0,59.0,43.0,True
5,021,3,NL,0.572418,0.6382003125,0.14622833333333327,0.693,0.82375,0.16999999999999993,0.826,0.77475,0.8601666666666666,445.1000000000001,471.91666666666674,427.2222222222222,7.0,1.0,1.0,6.0,7.0,8.0,7.0,7.0,7.0,7.0,7.0,6.0,5.0,5.0,7.0,5.0,4.0,42.0,46.0,True
6,021,4,CL,0.7353994444444445,0.7312500000000001,0.7344343750000001,0.859,0.8125,0.870625,0.8561111111111112,0.9,0.8435714285714286,1151.4814814814813,1385.5,1084.6190476190477,6.0,0.0,2.0,8.0,7.0,7.0,7.0,7.0,8.0,6.0,5.0,5.0,5.0,4.0,7.0,6.0,5.0,44.0,43.0,True
7,021,4,NL,0.4233705,0.48052499999999987,0.362872,0.6609999999999999,0.6449999999999999,0.6769999999999999,0.6405000000000001,0.7449999999999999,0.536,1655.5666666666668,1787.6666666666667,1523.4666666666667,6.0,4.0,4.0,2.0,6.0,5.0,2.0,4.0,4.0,7.0,7.0,6.0,5.0,5.0,7.0,6.0,5.0,23.0,48.0,True
8,021,5,CL,0.8773249999999999,1.0,0.8641666666666665,0.95,1.0,0.9444444444444444,0.9235,1.0,0.9149999999999999,1383.1333333333334,1468.6666666666667,1373.6296296296298,4.0,0.0,0.0,6.0,5.0,5.0,5.0,5.0,5.0,7.0,5.0,5.0,5.0,5.0,7.0,6.0,5.0,31.0,45.0,True
9,021,5,NL,0.7855633333333334,0.8571093750000001,0.732242,0.917,0.9375,0.9033333333333333,0.8566666666666667,0.91425,0.8106,875.9999999999999,727.5833333333333,994.7333333333333,4.0,0.0,1.0,2.0,4.0,3.0,3.0,3.0,3.0,7.0,7.0,6.0,6.0,6.0,7.0,6.0,5.0,18.0,50.0,True
10,021,6,CL,0.8456427,0.5340999999999999,0.917875,0.909,0.5449999999999999,1.0,0.9302999999999999,0.98,0.917875,1830.2666666666669,1598.8333333333333,1888.125,2.0,2.0,0.0,5.0,6.0,5.0,6.0,5.0,4.0,7.0,5.0,6.0,5.0,5.0,7.0,5.0,5.0,31.0,45.0,True
11,021,6,NL,0.6133242499999999,0.3408642,0.9464,0.7384999999999999,0.477,1.0,0.8305,0.7146,0.9464,1532.7000000000003,1513.7333333333333,1551.6666666666665,5.0,6.0,1.0,3.0,4.0,4.0,5.0,3.0,3.0,7.0,6.0,7.0,6.0,6.0,7.0,6.0,6.0,22.0,51.0,True
12,021,7,CL,0.6294497000000001,0.60503015625,0.73194375,0.7135,0.69875,0.7725,0.8822000000000001,0.8658750000000001,0.9475,1737.3,1795.0,1506.5,8.0,5.0,1.0,5.0,3.0,5.0,6.0,5.0,5.0,7.0,5.0,6.0,6.0,5.0,7.0,5.0,5.0,29.0,46.0,True
13,021,7,NL,0.83602995,0.8944199999999999,0.7796063999999999,0.8714999999999999,0.9,0.843,0.9593,0.9937999999999999,0.9248,1478.6333333333337,1170.6666666666665,1786.6,5.0,0.0,2.0,3.0,3.0,4.0,3.0,4.0,1.0,7.0,7.0,6.0,6.0,6.0,7.0,6.0,6.0,18.0,51.0,True
14,021,8,CL,0.8064226499999998,0.8091705102040816,0.7986266666666667,0.8634999999999999,0.8521428571428571,0.89,0.9338999999999998,0.9495714285714286,0.8973333333333334,1773.4,1476.7619047619046,2465.555555555555,3.0,1.0,2.0,3.0,2.0,2.0,4.0,4.0,3.0,7.0,7.0,6.0,6.0,6.0,7.0,6.0,5.0,18.0,50.0,True
15,021,8,NL,0.7739838333333332,0.6933440000000001,0.8426437499999999,0.8634999999999999,0.752,0.975,0.8963333333333332,0.922,0.86425,1468.4,1575.2,1361.6,3.0,1.0,2.0,2.0,2.0,4.0,5.0,3.0,2.0,7.0,7.0,6.0,6.0,6.0,7.0,6.0,6.0,18.0,51.0,True
16,021,9,CL,0.4404654999999999,0.30340959999999995,0.5833673999999999,0.5349999999999999,0.37699999999999995,0.693,0.8232999999999999,0.8048,0.8417999999999999,1240.8666666666666,593.8,1887.9333333333332,10.0,10.0,2.0,7.0,3.0,10.0,14.0,7.0,9.0,5.0,4.0,5.0,5.0,5.0,7.0,4.0,4.0,50.0,39.0,True
17,021,9,NL,0.3723794999999999,0.22144687500000002,0.49044888888888893,0.49849999999999994,0.43124999999999997,0.5433333333333333,0.7469999999999999,0.5135000000000001,0.9026666666666667,1637.6333333333334,1019.4166666666667,2049.777777777778,13.0,9.0,2.0,4.0,4.0,10.0,11.0,2.0,6.0,6.0,6.0,6.0,6.0,5.0,7.0,5.0,5.0,37.0,46.0,True
18,022,1,CL,0.8292806666666667,0.747799,0.9515,0.8714999999999999,0.7858333333333333,1.0,0.9515555555555556,0.9516,0.9515,1434.7037037037037,1096.4666666666665,1857.5,5.0,2.0,0.0,11.0,7.0,5.0,14.0,8.0,1.0,5.0,4.0,5.0,3.0,4.0,3.0,4.0,5.0,46.0,33.0,False
19,022,1,NL,0.8009583,0.7844701234567901,0.95,0.8465,0.8294444444444444,1.0,0.9461999999999999,0.9457777777777778,0.95,903.9,819.6666666666666,1662.0,7.0,2.0,0.0,5.0,8.0,5.0,15.0,8.0,1.0,5.0,2.0,5.0,3.0,3.0,3.0,5.0,4.0,42.0,30.0,False
20,022,2,CL,0.6434649000000001,0.39214124999999994,0.71509546875,0.8385,0.6074999999999999,0.89625,0.7674000000000001,0.6455,0.797875,816.7,1243.6666666666665,709.9583333333334,5.0,2.0,1.0,9.0,7.0,5.0,15.0,6.0,1.0,5.0,3.0,5.0,5.0,5.0,3.0,5.0,5.0,43.0,36.0,False
21,022,2,NL,0.5936250499999999,0.54036,0.6456184,0.7895,0.711,0.868,0.7518999999999999,0.7599999999999999,0.7438,1602.7333333333333,1147.6,2057.866666666667,1.0,4.0,2.0,7.0,10.0,5.0,14.0,11.0,2.0,5.0,3.0,4.0,3.0,4.0,3.0,5.0,4.0,49.0,31.0,False
22,022,3,CL,0.6588244,0.5997912244897957,0.7966944444444444,0.7929999999999999,0.7221428571428571,0.9583333333333334,0.8308,0.8305714285714284,0.8313333333333333,1046.1333333333334,1031.2857142857142,1080.7777777777778,6.0,3.0,1.0,8.0,3.0,3.0,8.0,7.0,1.0,5.0,3.0,5.0,3.0,5.0,3.0,5.0,5.0,30.0,34.0,False
23,022,3,NL,0.8916707,0.8478852000000001,0.9363999999999999,0.967,0.9339999999999999,1.0,0.9221,0.9078000000000002,0.9363999999999999,1208.2000000000003,1068.0666666666666,1348.3333333333333,0.0,1.0,0.0,4.0,3.0,4.0,2.0,2.0,0.0,5.0,2.0,5.0,5.0,5.0,3.0,5.0,5.0,15.0,35.0,False
24,022,4,CL,0.7978125,0.79974,0.7945799999999998,0.925,0.9,0.95,0.8625,0.8886,0.8363999999999999,1189.4666666666667,971.1333333333332,1407.8000000000002,6.0,0.0,0.0,5.0,5.0,2.0,3.0,5.0,1.0,5.0,3.0,4.0,3.0,4.0,3.0,5.0,4.0,21.0,31.0,False
25,022,4,NL,0.7595524444444446,0.8965781249999999,0.6671305,0.884,0.96875,0.8275,0.8592222222222223,0.9254999999999999,0.8061999999999999,917.6666666666666,843.0833333333334,967.388888888889,4.0,0.0,2.0,4.0,5.0,2.0,4.0,5.0,1.0,5.0,3.0,5.0,4.0,4.0,3.0,5.0,4.0,21.0,33.0,False
26,022,5,CL,0.6513249444444444,0.519156,0.7862296,0.7555,0.627,0.884,0.8621111111111112,0.828,0.8894,1874.7666666666669,1505.9999999999998,2243.5333333333338,9.0,0.0,4.0,12.0,6.0,5.0,7.0,15.0,4.0,5.0,4.0,4.0,2.0,4.0,5.0,3.0,4.0,49.0,31.0,False
27,022,5,NL,0.9546225,1.0,0.9434414062500001,0.975,1.0,0.96875,0.9791000000000001,1.0,0.973875,1898.4333333333332,1094.1666666666667,2099.5,2.0,0.0,0.0,5.0,3.0,3.0,2.0,4.0,1.0,5.0,5.0,4.0,5.0,5.0,5.0,5.0,5.0,18.0,39.0,False
28,022,6,CL,0.85672125,0.839345,0.8728,0.9625,0.925,1.0,0.8901,0.9074,0.8728,2043.4,1801.7333333333336,2285.0666666666666,3.0,0.0,0.0,3.0,4.0,4.0,1.0,3.0,1.0,5.0,5.0,5.0,5.0,4.0,5.0,5.0,5.0,16.0,39.0,False
29,022,6,NL,0.8933020999999999,0.9073776388888889,0.872313125,0.9215,0.9241666666666667,0.9175,0.9693999999999999,0.9818333333333333,0.95075,1621.2333333333333,1361.1666666666667,2011.3333333333335,1.0,2.0,0.0,4.0,3.0,3.0,3.0,4.0,2.0,5.0,5.0,5.0,6.0,4.0,5.0,5.0,5.0,19.0,40.0,False
30,022,7,CL,0.8815236000000001,0.8084025,0.9293333333333335,0.942,0.855,1.0,0.9358000000000001,0.9455,0.9293333333333335,1674.8,936.4166666666667,2167.055555555555,2.0,1.0,0.0,3.0,3.0,2.0,3.0,3.0,1.0,5.0,4.0,5.0,5.0,4.0,4.0,5.0,5.0,15.0,37.0,False
31,022,7,NL,0.75052285,0.6823750000000001,0.857174375,0.8305,0.7725,0.9175,0.9037,0.8833333333333334,0.93425,1637.4,1623.1666666666663,1658.75,3.0,2.0,2.0,3.0,6.0,2.0,8.0,5.0,1.0,5.0,5.0,5.0,4.0,4.0,5.0,4.0,5.0,25.0,37.0,False
32,022,8,CL,0.405482,0.338364,0.5074425,0.693,0.585,0.855,0.5851111111111111,0.5784,0.5935,1864.4666666666667,1598.277777777778,2263.75,7.0,5.0,2.0,6.0,3.0,3.0,11.0,7.0,4.0,5.0,4.0,4.0,3.0,3.0,4.0,3.0,4.0,34.0,30.0,False
33,022,8,NL,0.6254428,0.9425937500000001,0.4489158333333333,0.818,0.96875,0.7174999999999999,0.7646,0.9730000000000001,0.6256666666666667,2003.4333333333336,1908.333333333333,2066.8333333333335,4.0,3.0,1.0,3.0,3.0,4.0,11.0,4.0,1.0,5.0,4.0,4.0,3.0,4.0,5.0,4.0,4.0,26.0,33.0,False
34,022,9,CL,0.79280775,0.75569,0.8476981249999999,0.8225,0.7799999999999999,0.88625,0.9639,0.9688333333333334,0.9564999999999999,1215.5333333333333,869.0555555555555,1735.25,1.0,4.0,1.0,4.0,6.0,2.0,8.0,6.0,2.0,4.0,4.0,4.0,3.0,4.0,4.0,3.0,4.0,28.0,30.0,False
35,022,9,NL,0.775489,0.7669637499999999,0.7863612499999999,0.7975,0.7725,0.835,0.9724,0.9928333333333333,0.94175,1891.4666666666667,1683.1666666666667,2203.9166666666665,3.0,4.0,1.0,3.0,7.0,3.0,3.0,5.0,2.0,4.0,5.0,4.0,4.0,4.0,3.0,3.0,4.0,23.0,31.0,False
36,023,1,CL,0.45321269999999997,0.32889777777777773,0.675886875,0.6555,0.5433333333333333,0.82375,0.6914,0.6053333333333333,0.8205,1296.1333333333337,947.5,1819.0833333333333,14.0,8.0,0.0,15.0,14.0,14.0,17.0,16.0,8.0,6.0,5.0,6.0,5.0,5.0,7.0,6.0,5.0,84.0,45.0,True
37,023,1,NL,0.5398394999999999,0.17943749999999994,0.8334999999999999,0.7304999999999999,0.32624999999999993,1.0,0.739,0.5499999999999999,0.8334999999999999,1543.2333333333333,945.3333333333333,1941.8333333333333,7.0,11.0,0.0,10.0,12.0,10.0,12.0,10.0,5.0,6.0,7.0,6.0,5.0,5.0,6.0,7.0,5.0,59.0,47.0,True
38,023,2,CL,0.6141626499999999,0.5281781632653061,0.8303333333333334,0.7885,0.6978571428571428,1.0,0.7788999999999999,0.7568571428571429,0.8303333333333334,918.3333333333334,769.4285714285714,1265.7777777777778,1.0,7.0,1.0,13.0,10.0,12.0,15.0,10.0,4.0,6.0,5.0,6.0,5.0,5.0,6.0,6.0,6.0,64.0,45.0,True
39,023,2,NL,0.6167983333333333,0.53292875,0.6701833333333332,0.7725,0.65875,0.8483333333333333,0.7984444444444445,0.8089999999999999,0.7899999999999999,1152.4074074074074,729.5833333333333,1490.6666666666665,5.0,2.0,3.0,11.0,10.0,9.0,12.0,7.0,4.0,6.0,6.0,6.0,5.0,6.0,6.0,7.0,6.0,53.0,48.0,True
40,023,3,CL,0.2673,0.14442968750000001,0.923,0.375,0.21875,1.0,0.7128,0.66025,0.923,1894.0666666666668,1961.1666666666667,1625.6666666666667,2.0,10.0,4.0,12.0,12.0,12.0,16.0,13.0,10.0,6.0,5.0,5.0,5.0,5.0,5.0,5.0,4.0,75.0,40.0,True
41,023,3,NL,0.30621825,0.0025000000000000022,0.8198437500000001,0.377,0.003333333333333336,0.9375,0.81225,0.75,0.8745,1544.5333333333333,1324.0,1875.3333333333335,5.0,11.0,3.0,8.0,9.0,10.0,18.0,12.0,10.0,6.0,5.0,4.0,4.0,5.0,6.0,4.0,6.0,67.0,40.0,True
42,023,4,CL,0.59336065,0.5503781249999999,0.6229097222222222,0.7715,0.74125,0.7916666666666666,0.7691000000000001,0.7424999999999999,0.7868333333333334,1856.9666666666665,1618.6666666666665,2015.8333333333333,6.0,5.0,0.0,12.0,7.0,10.0,13.0,10.0,5.0,7.0,5.0,6.0,5.0,5.0,6.0,7.0,5.0,57.0,46.0,True
43,023,4,NL,0.9338827999999999,0.9641484375,0.9139724999999999,0.9545,0.96875,0.945,0.9783999999999999,0.99525,0.9671666666666666,1859.9666666666665,1769.5833333333335,1920.2222222222224,1.0,1.0,0.0,3.0,8.0,6.0,10.0,3.0,0.0,7.0,6.0,6.0,6.0,5.0,6.0,7.0,6.0,30.0,49.0,True
44,023,5,CL,0.72744705,0.6963121875,0.853125,0.8055,0.7725,0.9375,0.9031,0.901375,0.91,1634.9666666666667,1606.0416666666665,1750.6666666666665,5.0,3.0,1.0,10.0,8.0,12.0,12.0,9.0,6.0,6.0,6.0,6.0,6.0,6.0,6.0,7.0,6.0,57.0,49.0,True
45,023,5,NL,0.8005700000000002,0.9218580000000001,0.6868000000000001,0.892,0.9339999999999999,0.85,0.8975000000000002,0.9870000000000001,0.808,1634.3666666666666,1469.0,1799.7333333333331,6.0,1.0,0.0,8.0,6.0,7.0,10.0,4.0,1.0,7.0,6.0,6.0,6.0,6.0,6.0,7.0,6.0,36.0,50.0,True
46,023,6,CL,0.8353655999999999,0.6346087499999999,0.889013671875,0.942,0.7725,0.984375,0.8868,0.8215,0.9031250000000001,1698.3,1054.8333333333333,1859.1666666666667,2.0,1.0,0.0,10.0,12.0,8.0,11.0,8.0,5.0,6.0,7.0,6.0,6.0,6.0,7.0,7.0,6.0,54.0,51.0,True
47,023,6,NL,0.8849777777777778,0.77959375,0.909140625,0.95,0.8125,0.984375,0.9315555555555556,0.9595,0.9235714285714286,2073.4074074074074,1614.8333333333335,2204.4285714285716,4.0,0.0,0.0,5.0,6.0,4.0,8.0,4.0,0.0,7.0,7.0,6.0,6.0,6.0,7.0,7.0,6.0,27.0,52.0,True
48,023,7,CL,0.8710018,0.8611551234567901,0.961,0.9215,0.9127777777777778,1.0,0.9452,0.9434444444444444,0.961,1405.2333333333333,1321.2592592592594,2161.0,1.0,1.0,1.0,10.0,6.0,8.0,10.0,7.0,0.0,7.0,6.0,6.0,6.0,6.0,7.0,7.0,6.0,41.0,51.0,True
49,023,7,NL,0.8363614999999999,0.8799999999999999,0.8146162857142857,0.892,0.9166666666666666,0.8814285714285715,0.9376249999999998,0.96,0.9241999999999999,1499.0416666666667,873.5555555555557,1874.3333333333333,6.0,0.0,1.0,3.0,3.0,2.0,7.0,5.0,0.0,7.0,7.0,6.0,6.0,6.0,7.0,7.0,7.0,20.0,53.0,True
50,023,8,CL,0.958665,0.96759,0.9492,0.9875,0.975,1.0,0.9708,0.9924,0.9492,1931.8666666666663,1663.4,2200.333333333333,1.0,0.0,0.0,5.0,5.0,5.0,7.0,6.0,1.0,7.0,6.0,6.0,6.0,6.0,7.0,7.0,6.0,29.0,51.0,True
51,023,8,NL,0.85764965,0.932138888888889,0.8266077551020409,0.9295,0.9583333333333334,0.9171428571428571,0.9227000000000001,0.9726666666666667,0.9012857142857144,1945.3333333333333,1459.0,2153.7619047619046,3.0,1.0,0.0,1.0,4.0,4.0,10.0,2.0,0.0,7.0,7.0,6.0,6.0,6.0,7.0,7.0,7.0,21.0,53.0,True
52,023,9,CL,0.43822700000000003,0.24363849999999992,0.6053632,0.593,0.30199999999999994,0.884,0.7390000000000001,0.80675,0.6848,1545.1666666666665,1390.8666666666668,1699.4666666666665,11.0,10.0,5.0,14.0,10.0,15.0,15.0,15.0,10.0,5.0,4.0,5.0,4.0,4.0,5.0,4.0,4.0,79.0,35.0,True
53,023,9,NL,0.7687256,0.86625,0.7452289062499999,0.892,0.9375,0.880625,0.8618,0.9239999999999999,0.84625,1864.4333333333336,1289.8333333333333,2008.0833333333335,6.0,0.0,1.0,5.0,6.0,8.0,10.0,6.0,2.0,5.0,5.0,6.0,4.0,5.0,4.0,5.0,4.0,37.0,38.0,True
54,024,1,CL,0.40065649999999997,0.3042133333333333,0.44588999999999995,0.6849999999999999,0.6133333333333333,0.7157142857142856,0.5849,0.496,0.623,906.9333333333334,1226.6666666666667,769.9047619047617,12.0,1.0,4.0,18.0,10.0,6.0,18.0,20.0,12.0,7.0,7.0,6.0,5.0,6.0,7.0,6.0,6.0,84.0,50.0,False
55,024,1,NL,0.4593992,0.4121430555555554,0.518493125,0.6519999999999999,0.5583333333333332,0.7925,0.7046000000000001,0.7381666666666665,0.65425,1355.0666666666668,1515.888888888889,1113.8333333333333,12.0,3.0,3.0,3.0,13.0,1.0,14.0,11.0,4.0,7.0,6.0,7.0,4.0,6.0,7.0,5.0,4.0,46.0,46.0,False
56,024,2,CL,0.41426319999999994,0.54384,0.3237422222222222,0.7929999999999999,0.7725,0.8066666666666666,0.5224,0.704,0.4013333333333333,1734.6,1601.5,1823.3333333333333,3.0,0.0,2.0,15.0,18.0,10.0,12.0,15.0,16.0,6.0,6.0,6.0,6.0,5.0,7.0,4.0,5.0,86.0,45.0,False
57,024,2,NL,0.6130625,0.587125,0.6268437499999999,0.85,0.875,0.8125,0.72125,0.671,0.7715,1261.0000000000002,1152.5555555555554,1423.6666666666667,6.0,0.0,0.0,4.0,4.0,5.0,18.0,3.0,2.0,7.0,6.0,6.0,6.0,7.0,7.0,5.0,6.0,36.0,50.0,False
58,024,3,CL,0.5955264,0.72975,0.56408625,0.784,0.875,0.76125,0.7596,0.834,0.741,1690.0,1712.0,1684.5,6.0,0.0,1.0,16.0,6.0,9.0,14.0,13.0,10.0,3.0,2.0,3.0,5.0,3.0,3.0,1.0,2.0,68.0,22.0,False
59,024,3,NL,0.6168749999999998,0.7206953125,0.25800000000000006,0.875,0.90625,0.75,0.7049999999999998,0.79525,0.3440000000000001,1031.6666666666665,1273.9166666666665,62.666666666666664,5.0,0.0,0.0,5.0,12.0,4.0,4.0,11.0,5.0,7.0,2.0,6.0,4.0,6.0,6.0,6.0,5.0,41.0,42.0,False
60,024,4,CL,0.6788236000000001,0.6639468000000001,0.6920850000000001,0.884,0.843,0.925,0.7679,0.7876000000000001,0.7482,2087.9666666666667,1878.4,2297.5333333333333,4.0,1.0,1.0,16.0,5.0,13.0,5.0,15.0,10.0,5.0,2.0,5.0,3.0,3.0,4.0,2.0,5.0,64.0,29.0,False
61,024,4,NL,0.6865625000000001,0.612,0.7068147321428571,0.9375,1.0,0.921875,0.7323333333333334,0.612,0.7667142857142857,1755.2666666666669,1224.6666666666667,1887.9166666666667,5.0,0.0,0.0,3.0,4.0,5.0,1.0,2.0,3.0,6.0,6.0,7.0,5.0,6.0,6.0,5.0,5.0,18.0,46.0,False
62,024,5,CL,,,,,,,,,,,,,0.0,0.0,0.0,,,,,,,,,,,,,,,,,False
63,024,5,NL,0.727003671875,0.71,0.72497375,0.839375,0.71,0.8825,0.866125,1.0,0.8215,1591.75,966.0,1800.3333333333333,5.0,1.0,1.0,5.0,3.0,3.0,2.0,2.0,1.0,7.0,6.0,7.0,5.0,6.0,7.0,5.0,6.0,16.0,49.0,False
64,024,6,CL,0.68760505,0.5485066666666666,0.7445688775510205,0.8634999999999999,0.6699999999999999,0.9464285714285714,0.7963000000000001,0.8186666666666667,0.7867142857142858,1740.9,1634.4444444444443,1786.5238095238094,3.0,2.0,1.0,18.0,13.0,14.0,9.0,17.0,12.0,6.0,3.0,6.0,5.0,4.0,3.0,4.0,1.0,83.0,32.0,False
65,024,6,NL,,,,,,,,,,,,,0.0,0.0,0.0,,,,,,,,,,,,,,,,,False
66,024,7,CL,0.6947249999999999,0.6875249999999999,0.70328125,0.7849999999999999,0.7725,0.80375,0.885,0.89,0.875,1932.3,1925.9444444444443,1941.8333333333333,4.0,4.0,1.0,15.0,11.0,5.0,4.0,12.0,11.0,6.0,2.0,5.0,4.0,5.0,6.0,5.0,5.0,58.0,38.0,False
67,024,7,NL,0.8754005999999999,0.8457040625,0.8936527777777777,0.942,0.88625,0.9791666666666666,0.9292999999999999,0.9542499999999999,0.9126666666666666,1937.5333333333335,1604.5,2159.5555555555557,2.0,1.0,0.0,2.0,2.0,3.0,1.0,3.0,2.0,7.0,7.0,7.0,6.0,6.0,2.0,6.0,7.0,13.0,48.0,False
68,024,8,CL,0.9587804999999999,0.91383,0.9885,0.967,0.9175,1.0,0.9914999999999999,0.996,0.9885,2327.2,2299.666666666667,2345.5555555555557,0.0,1.0,0.0,4.0,1.0,1.0,2.0,1.0,0.0,7.0,5.0,6.0,6.0,6.0,2.0,6.0,6.0,9.0,44.0,False
69,024,8,NL,0.92271515,0.9232425000000001,0.91825,0.9545,0.9241666666666667,1.0,0.9667,0.999,0.91825,2060.2,2265.1111111111113,1752.8333333333333,1.0,1.0,0.0,0.0,0.0,1.0,0.0,1.0,0.0,7.0,7.0,7.0,7.0,7.0,7.0,7.0,7.0,2.0,56.0,False
70,025,1,CL,0.57128375,0.67662,0.46864999999999996,0.8875,0.9,0.875,0.6437,0.7518,0.5356,1160.6666666666665,1151.6666666666665,1169.6666666666667,9.0,0.0,0.0,14.0,10.0,11.0,11.0,14.0,3.0,6.0,5.0,5.0,3.0,5.0,6.0,5.0,6.0,63.0,41.0,False
71,025,1,NL,0.5764752,0.61677,0.5368524,0.817,0.825,0.8089999999999999,0.7056,0.7476,0.6636000000000001,1223.5666666666668,1092.3333333333335,1354.8,12.0,0.0,1.0,6.0,5.0,8.0,14.0,6.0,2.0,6.0,5.0,5.0,3.0,4.0,6.0,6.0,5.0,41.0,40.0,False
72,025,2,CL,0.71165875,0.64447,0.7815599999999999,0.9125,0.85,0.975,0.7799,0.7582,0.8016,1318.2,1126.2,1510.2,7.0,0.0,0.0,7.0,6.0,12.0,16.0,11.0,4.0,6.0,6.0,5.0,5.0,5.0,6.0,6.0,6.0,56.0,45.0,False
73,025,2,NL,0.32717519999999994,0.22735916666666664,0.5105625,0.6885,0.5641666666666666,0.875,0.47519999999999996,0.403,0.5835,1084.1666666666667,1028.0555555555554,1168.3333333333333,17.0,3.0,0.0,2.0,4.0,9.0,13.0,7.0,3.0,6.0,6.0,5.0,5.0,5.0,6.0,5.0,6.0,38.0,44.0,False
74,025,3,CL,0.3605955,0.25965714285714286,0.6366527777777778,0.6715,0.5485714285714286,0.9583333333333334,0.537,0.47333333333333333,0.6643333333333333,1429.4,1377.047619047619,1551.5555555555554,10.0,14.0,0.0,11.0,5.0,14.0,10.0,12.0,4.0,6.0,5.0,5.0,5.0,5.0,6.0,6.0,6.0,56.0,44.0,False
75,025,3,NL,0.46135699999999996,0.25524125000000003,0.6290625000000002,0.7715,0.5225,0.9375,0.598,0.48850000000000005,0.6710000000000002,1732.8666666666663,1394.8333333333333,1958.2222222222224,6.0,4.0,1.0,4.0,3.0,6.0,5.0,6.0,2.0,6.0,6.0,6.0,5.0,5.0,6.0,6.0,6.0,26.0,46.0,False
76,025,4,CL,0.7020500000000001,0.6876562500000002,0.7238984374999999,0.95,0.9375,0.96875,0.7390000000000001,0.7335000000000002,0.74725,1623.0666666666666,1504.111111111111,1801.5,4.0,0.0,0.0,14.0,3.0,16.0,8.0,16.0,2.0,7.0,7.0,6.0,5.0,6.0,6.0,6.0,6.0,59.0,49.0,False
77,025,4,NL,0.6461178,0.6343002,0.65715,0.942,0.909,0.975,0.6859,0.6978,0.674,1421.6666666666667,1486.1333333333332,1357.2,2.0,0.0,1.0,6.0,4.0,8.0,8.0,7.0,1.0,7.0,7.0,6.0,5.0,6.0,6.0,7.0,6.0,34.0,50.0,False
78,025,5,CL,0.5751,0.49249,0.662855,0.8875,0.85,0.925,0.6479999999999999,0.5794,0.7165999999999999,1342.5666666666666,1171.5333333333333,1513.6,9.0,0.0,0.0,14.0,5.0,14.0,4.0,13.0,3.0,6.0,7.0,6.0,5.0,6.0,7.0,6.0,5.0,53.0,48.0,False
79,025,5,NL,0.52138125,0.5744375,0.506515625,0.8625,0.8125,0.875,0.6045,0.7070000000000001,0.578875,1609.0,1100.5,1736.125,11.0,0.0,0.0,12.0,5.0,10.0,4.0,12.0,4.0,6.0,6.0,7.0,5.0,6.0,7.0,6.0,5.0,47.0,48.0,False
80,025,6,CL,0.855465,0.8966,0.8152900000000001,0.975,1.0,0.95,0.8774000000000001,0.8966,0.8582000000000001,1765.1,1544.7333333333333,1985.4666666666667,2.0,0.0,0.0,9.0,3.0,12.0,1.0,11.0,2.0,7.0,7.0,7.0,6.0,6.0,7.0,7.0,7.0,38.0,54.0,False
81,025,6,NL,0.8006075,0.8730859375000001,0.7527708333333334,0.9625,0.96875,0.9583333333333334,0.8318,0.9012500000000001,0.7855,1988.6,1572.0,2266.3333333333335,3.0,0.0,0.0,4.0,3.0,5.0,1.0,3.0,1.0,7.0,7.0,6.0,6.0,6.0,7.0,6.0,6.0,17.0,51.0,False
82,025,7,CL,0.62601825,0.5322375,0.6927604166666667,0.9295,0.855,0.9791666666666666,0.6735,0.6225,0.7075,2115.8333333333335,2268.1666666666665,2014.2777777777776,3.0,0.0,1.0,10.0,3.0,12.0,4.0,12.0,3.0,7.0,6.0,6.0,6.0,5.0,7.0,7.0,7.0,44.0,51.0,False
83,025,7,NL,0.7471716,0.8021250000000001,0.7241819387755103,0.917,0.9583333333333334,0.8992857142857142,0.8148,0.8370000000000001,0.8052857142857144,2124.166666666667,2085.6666666666665,2140.6666666666665,4.0,1.0,0.0,2.0,3.0,6.0,3.0,4.0,2.0,7.0,7.0,7.0,7.0,7.0,7.0,7.0,7.0,20.0,56.0,False
84,025,8,CL,0.7908987000000001,0.7724681999999999,0.8074,0.9545,0.909,1.0,0.8286,0.8497999999999999,0.8074,1747.0333333333333,1434.3333333333333,2059.733333333333,1.0,0.0,1.0,11.0,2.0,8.0,1.0,7.0,0.0,7.0,7.0,7.0,7.0,7.0,7.0,7.0,7.0,29.0,56.0,False
85,025,8,NL,0.7741387499999999,0.76608,0.7821449999999998,0.9625,0.95,0.975,0.8042999999999999,0.8064,0.8021999999999998,1807.6333333333332,1644.5333333333333,1970.7333333333336,3.0,0.0,0.0,8.0,2.0,7.0,2.0,5.0,1.0,7.0,7.0,7.0,7.0,7.0,7.0,7.0,7.0,25.0,56.0,False
86,025,9,CL,0.75192,0.8443499999999999,0.6594899999999999,0.975,0.975,0.975,0.7712,0.866,0.6763999999999999,1615.9333333333334,1417.8666666666666,1814.0,2.0,0.0,0.0,8.0,4.0,8.0,18.0,8.0,2.0,7.0,7.0,7.0,7.0,7.0,7.0,7.0,7.0,48.0,56.0,False
87,025,9,NL,0.8059350000000002,0.8311493055555556,0.7684609375,0.975,0.9791666666666666,0.96875,0.8266000000000002,0.8488333333333333,0.79325,1471.8666666666668,1066.111111111111,2080.5,2.0,0.0,0.0,4.0,4.0,3.0,19.0,3.0,0.0,7.0,7.0,7.0,7.0,7.0,7.0,7.0,7.0,33.0,56.0,False
88,026,1,CL,0.5691313124999999,0.3812480000000001,0.756779,0.6885,0.518,0.859,0.8266249999999999,0.7360000000000001,0.881,1302.6666666666665,1036.4444444444443,1462.4,10.0,5.0,1.0,18.0,18.0,10.0,14.0,20.0,20.0,6.0,4.0,5.0,2.0,2.0,5.0,3.0,3.0,100.0,30.0,True
89,026,1,NL,0.2976953888888889,0.18270279999999997,0.40227,0.5405,0.32199999999999995,0.759,0.5507777777777778,0.5674,0.53,1924.4814814814818,1631.7333333333333,2290.416666666667,13.0,8.0,1.0,15.0,18.0,7.0,7.0,17.0,14.0,5.0,4.0,3.0,2.0,2.0,6.0,3.0,3.0,78.0,28.0,True
90,026,2,CL,0.38885000000000003,,0.6480833333333333,0.525,0.0,0.875,0.7406666666666667,,0.7406666666666667,1825.1333333333337,1096.0,2311.222222222222,8.0,11.0,2.0,17.0,19.0,10.0,12.0,18.0,18.0,7.0,3.0,3.0,2.0,1.0,3.0,2.0,2.0,94.0,23.0,True
91,026,2,NL,0.2635722,0.329161875,0.0,0.5429999999999999,0.5425,0.5449999999999999,0.4854,0.60675,0.0,1927.5333333333335,1899.0,2041.6666666666667,7.0,5.0,1.0,12.0,15.0,11.0,5.0,15.0,10.0,6.0,6.0,6.0,3.0,3.0,5.0,3.0,4.0,68.0,36.0,True
92,026,3,CL,0.6518715,0.5449999999999999,0.6845170408163265,0.735,0.5449999999999999,0.8164285714285714,0.8869,1.0,0.8384285714285714,966.5,712.2222222222222,1075.4761904761906,8.0,3.0,2.0,15.0,10.0,10.0,12.0,12.0,8.0,6.0,6.0,5.0,5.0,5.0,6.0,5.0,4.0,67.0,42.0,True
93,026,3,NL,0.4718265499999999,0.25950639999999997,0.7437222000000001,0.6565,0.4539999999999999,0.859,0.7186999999999999,0.5716,0.8658000000000001,1923.6333333333332,2146.8,1700.4666666666665,9.0,7.0,0.0,8.0,10.0,7.0,5.0,8.0,8.0,6.0,6.0,6.0,3.0,3.0,5.0,7.0,5.0,46.0,41.0,True
94,026,4,CL,0.7072064999999997,0.5646622222222222,0.7685111224489796,0.7849999999999999,0.6283333333333333,0.8521428571428571,0.9008999999999998,0.8986666666666666,0.9018571428571429,1803.0,1896.6666666666667,1762.857142857143,4.0,3.0,2.0,12.0,6.0,8.0,3.0,13.0,3.0,6.0,6.0,6.0,6.0,6.0,5.0,6.0,5.0,45.0,46.0,True
95,026,4,NL,0.5985813888888889,0.6567035,0.5392644,0.7474999999999999,0.6609999999999999,0.834,0.8007777777777778,0.9935,0.6466,1904.0370370370374,1957.3333333333335,1861.4,7.0,4.0,1.0,10.0,8.0,10.0,5.0,7.0,5.0,6.0,2.0,6.0,5.0,5.0,5.0,6.0,5.0,45.0,40.0,True
96,026,5,CL,0.6529132500000001,0.7262688888888889,0.6219332653061225,0.7975,0.8066666666666666,0.7935714285714285,0.8187000000000001,0.9003333333333333,0.7837142857142858,1843.0666666666668,1712.3333333333333,1899.095238095238,3.0,4.0,1.0,12.0,15.0,10.0,6.0,12.0,8.0,6.0,6.0,6.0,5.0,6.0,6.0,6.0,6.0,63.0,47.0,True
97,026,5,NL,0.8256786999999999,0.7982043999999998,0.8513694,0.8634999999999999,0.818,0.909,0.9561999999999999,0.9757999999999999,0.9366,2101.9999999999995,2110.0666666666666,2093.9333333333334,3.0,3.0,0.0,6.0,4.0,8.0,4.0,10.0,4.0,6.0,7.0,6.0,5.0,6.0,5.0,5.0,6.0,36.0,46.0,True
98,026,6,CL,0.728172,0.6418725,0.774614375,0.8055,0.69,0.8825,0.904,0.93025,0.87775,1866.9583333333335,1907.3333333333333,1826.5833333333333,5.0,3.0,1.0,12.0,8.0,8.0,6.0,8.0,8.0,6.0,6.0,6.0,5.0,5.0,6.0,6.0,5.0,50.0,45.0,True
99,026,6,NL,0.7952621999999999,0.7938675,0.800625,0.859,0.855,0.875,0.9258,0.9285,0.915,1439.6333333333332,1320.4583333333333,1916.3333333333335,6.0,2.0,0.0,6.0,8.0,8.0,8.0,7.0,5.0,6.0,6.0,5.0,6.0,6.0,6.0,6.0,6.0,42.0,47.0,True
100,026,7,CL,0.8711856,0.9241666666666667,0.7940800000000001,0.909,0.9241666666666667,0.88625,0.9583999999999999,1.0,0.8960000000000001,1671.2,1513.3333333333333,1908.0,2.0,2.0,0.0,6.0,6.0,8.0,2.0,8.0,4.0,7.0,6.0,6.0,6.0,6.0,6.0,7.0,7.0,34.0,51.0,True
101,026,7,NL,0.8095312499999999,0.7855649999999998,0.848,0.8634999999999999,0.8049999999999999,1.0,0.9375,0.9758571428571428,0.848,1583.9999999999998,1468.6190476190475,1853.222222222222,3.0,3.0,0.0,2.0,6.0,6.0,2.0,4.0,2.0,6.0,6.0,6.0,6.0,6.0,6.0,7.0,7.0,22.0,50.0,True
102,026,8,CL,0.9557828000000002,0.94047,0.9916666666666667,0.967,0.9528571428571428,1.0,0.9884000000000002,0.987,0.9916666666666667,2139.8,2061.8571428571427,2321.6666666666665,0.0,1.0,0.0,2.0,4.0,2.0,4.0,10.0,3.0,6.0,6.0,6.0,6.0,6.0,6.0,6.0,6.0,25.0,48.0,True
103,026,8,NL,0.9065716999999999,0.8955468000000001,0.9175615999999999,0.9215,0.909,0.9339999999999999,0.9837999999999999,0.9852000000000001,0.9823999999999999,1681.7333333333331,1555.4,1808.0666666666668,1.0,1.0,1.0,2.0,2.0,2.0,2.0,2.0,2.0,6.0,6.0,6.0,5.0,6.0,6.0,7.0,7.0,12.0,49.0,True
104,029,1,CL,0.5482514444444445,0.6160000000000001,0.5181391666666667,0.743,0.875,0.6864285714285714,0.7378888888888889,0.7040000000000001,0.7548333333333334,1620.1000000000001,1700.1111111111113,1585.809523809524,10.0,0.0,4.0,11.0,4.0,11.0,10.0,11.0,12.0,5.0,4.0,5.0,3.0,5.0,3.0,3.0,4.0,59.0,32.0,False
105,029,1,NL,0.7495476000000001,0.8427222222222222,0.7108091836734695,0.892,0.9166666666666666,0.8814285714285715,0.8403,0.9193333333333333,0.8064285714285715,1869.3666666666668,1656.5555555555557,1960.571428571429,6.0,0.0,1.0,6.0,10.0,8.0,4.0,7.0,5.0,6.0,5.0,5.0,3.0,6.0,6.0,3.0,3.0,40.0,37.0,False
106,029,2,CL,0.392448,0.36280999999999997,,0.768,0.71,1.0,0.511,0.511,,1789.8666666666663,1928.0833333333333,1237.0,4.0,1.0,1.0,4.0,13.0,12.0,5.0,15.0,15.0,6.0,3.0,4.0,2.0,3.0,6.0,3.0,3.0,64.0,30.0,False
107,029,2,NL,0.36962880000000004,0.0,0.48475,0.834,0.6699999999999999,0.875,0.44320000000000004,0.0,0.554,797.9333333333333,54.666666666666664,983.75,4.0,1.0,0.0,10.0,12.0,14.0,10.0,10.0,10.0,5.0,4.0,4.0,3.0,3.0,5.0,3.0,3.0,66.0,30.0,False
108,029,3,CL,0.686,0.5918479999999998,0.7776000000000001,0.784,0.6679999999999999,0.9,0.875,0.8859999999999999,0.8640000000000001,1726.8333333333335,1821.0666666666668,1632.6,12.0,2.0,0.0,5.0,5.0,5.0,5.0,7.0,5.0,6.0,4.0,5.0,4.0,4.0,6.0,4.0,4.0,32.0,37.0,False
109,029,3,NL,0.8732906111111111,0.79986125,0.922887,0.8965,0.82375,0.945,0.974111111111111,0.971,0.9766,2015.962962962963,1880.75,2124.133333333333,3.0,1.0,1.0,4.0,4.0,4.0,4.0,6.0,5.0,6.0,4.0,5.0,4.0,5.0,6.0,5.0,5.0,27.0,40.0,False
110,029,4,CL,0.8871756,0.9573671874999999,0.8417618055555556,0.942,0.96875,0.9241666666666667,0.9418,0.98825,0.9108333333333333,2281.7,2094.6666666666665,2406.388888888889,2.0,0.0,1.0,6.0,8.0,8.0,4.0,8.0,8.0,6.0,5.0,5.0,4.0,5.0,5.0,6.0,5.0,42.0,41.0,False
111,029,4,NL,0.9949,0.9934000000000001,0.9964000000000001,1.0,1.0,1.0,0.9949,0.9934000000000001,0.9964000000000001,1782.9,1468.3333333333333,2097.4666666666667,0.0,0.0,0.0,5.0,10.0,6.0,5.0,6.0,5.0,6.0,6.0,6.0,6.0,6.0,6.0,5.0,5.0,37.0,46.0,False
112,029,5,CL,0.9589612500000001,0.9904999999999999,0.938204861111111,0.9875,1.0,0.9791666666666666,0.9711000000000001,0.9904999999999999,0.9581666666666666,1744.0333333333333,1565.9166666666667,1862.777777777778,1.0,0.0,0.0,8.0,8.0,8.0,6.0,5.0,5.0,6.0,6.0,6.0,5.0,5.0,7.0,6.0,6.0,40.0,47.0,False
113,029,5,NL,0.94237125,0.9778,0.90753,0.9875,1.0,0.975,0.9542999999999999,0.9778,0.9308,1888.1666666666667,1554.3333333333335,2222.0,1.0,0.0,0.0,4.0,5.0,4.0,4.0,4.0,3.0,6.0,6.0,6.0,6.0,6.0,6.0,6.0,6.0,24.0,48.0,False
114,029,6,CL,0.7785376,0.7951246875,0.76046875,0.892,0.82375,0.9375,0.8728,0.96525,0.8111666666666667,1643.1333333333332,1301.75,1870.7222222222224,6.0,0.0,1.0,5.0,7.0,7.0,8.0,8.0,8.0,6.0,5.0,5.0,5.0,6.0,6.0,4.0,5.0,43.0,42.0,False
115,029,6,NL,0.9202825,0.9429132653061224,0.8677083333333333,0.925,0.9464285714285714,0.875,0.9949,0.9962857142857143,0.9916666666666667,2044.8666666666668,2036.3333333333335,2064.777777777778,6.0,0.0,0.0,3.0,5.0,3.0,4.0,10.0,7.0,6.0,6.0,6.0,6.0,6.0,6.0,6.0,6.0,32.0,48.0,False
116,029,7,CL,0.863625,0.88375,0.8334374999999999,0.9375,0.9375,0.9375,0.9212,0.9426666666666667,0.8889999999999999,1765.5666666666668,1733.888888888889,1813.0833333333335,5.0,0.0,0.0,5.0,4.0,5.0,4.0,4.0,2.0,6.0,6.0,6.0,6.0,6.0,6.0,6.0,6.0,24.0,48.0,False
117,029,7,NL,0.9175099999999999,0.9175099999999999,,0.95,0.95,,0.9658,0.9658,,1716.8666666666668,1716.8666666666668,,4.0,0.0,0.0,3.0,4.0,4.0,3.0,4.0,4.0,6.0,6.0,6.0,6.0,6.0,6.0,6.0,6.0,22.0,48.0,False
118,029,8,CL,0.902405,0.8621000000000001,0.9436049999999999,0.95,0.925,0.975,0.9499000000000001,0.932,0.9677999999999999,2158.3333333333335,1886.0666666666668,2430.6,4.0,0.0,0.0,4.0,4.0,5.0,1.0,6.0,7.0,6.0,6.0,6.0,7.0,7.0,6.0,7.0,7.0,27.0,52.0,False
119,029,8,NL,0.8388550499999999,0.842112222222222,0.8236796875,0.8965,0.8483333333333333,0.96875,0.9357,0.9926666666666666,0.85025,1912.9666666666667,1629.0555555555557,2338.833333333333,3.0,1.0,1.0,3.0,4.0,6.0,4.0,4.0,7.0,6.0,6.0,6.0,6.0,6.0,6.0,6.0,6.0,28.0,48.0,False
120,029,9,CL,0.9580725000000001,0.90353125,0.9943333333333334,0.9625,0.90625,1.0,0.9954000000000001,0.997,0.9943333333333334,2266.733333333333,1924.1666666666665,2495.111111111111,3.0,0.0,0.0,3.0,3.0,6.0,1.0,3.0,2.0,6.0,3.0,4.0,6.0,4.0,6.0,6.0,4.0,18.0,39.0,False
121,029,9,NL,0.975,0.9821428571428571,0.9583333333333334,0.975,0.9821428571428571,0.9583333333333334,1.0,1.0,1.0,2162.0666666666666,2136.190476190476,2222.444444444445,2.0,0.0,0.0,2.0,3.0,2.0,0.0,1.0,0.0,6.0,5.0,5.0,6.0,5.0,7.0,7.0,5.0,8.0,46.0,False
122,030,1,CL,0.5386829999999999,0.5706455555555555,0.5249199999999999,0.851,0.8483333333333333,0.8521428571428571,0.6329999999999999,0.6726666666666666,0.616,1278.2,998.7777777777777,1397.952380952381,4.0,1.0,2.0,14.0,7.0,10.0,8.0,16.0,13.0,7.0,5.0,6.0,2.0,4.0,3.0,2.0,5.0,68.0,34.0,True
123,030,1,NL,0.5786532,0.444650625,0.6777599999999999,0.818,0.72125,0.8825,0.7074,0.6165,0.7679999999999999,1230.7333333333331,890.6666666666666,1457.4444444444443,4.0,4.0,0.0,2.0,2.0,4.0,4.0,11.0,6.0,6.0,6.0,6.0,3.0,4.0,5.0,5.0,5.0,29.0,40.0,True
124,030,2,CL,0.7607925000000001,0.8005,0.7348819444444447,0.975,1.0,0.9583333333333334,0.7803000000000001,0.8005,0.7668333333333335,1476.7666666666667,1406.1666666666667,1523.8333333333333,2.0,0.0,0.0,10.0,4.0,3.0,4.0,12.0,4.0,6.0,4.0,5.0,2.0,3.0,5.0,6.0,5.0,37.0,36.0,True
125,030,2,NL,0.6099628500000001,0.7998888888888889,0.5357306122448979,0.8714999999999999,0.9583333333333334,0.8342857142857143,0.6999000000000001,0.8346666666666667,0.6421428571428571,1723.2666666666664,1253.3333333333333,1924.6666666666667,5.0,0.0,2.0,9.0,3.0,4.0,4.0,7.0,2.0,6.0,2.0,6.0,5.0,5.0,3.0,6.0,6.0,29.0,39.0,True
126,030,3,CL,0.8257275,0.891,0.7626599999999998,0.975,1.0,0.95,0.8469,0.891,0.8027999999999998,2113.866666666667,2011.8,2215.9333333333334,2.0,0.0,0.0,4.0,3.0,0.0,1.0,5.0,0.0,6.0,4.0,6.0,7.0,6.0,3.0,7.0,7.0,13.0,46.0,True
127,030,3,NL,0.8962754999999999,0.872390625,0.995,0.9545,0.943125,1.0,0.9389999999999998,0.9249999999999999,0.995,2163.0999999999995,2089.333333333333,2458.166666666667,1.0,1.0,0.0,0.0,1.0,1.0,1.0,2.0,0.0,6.0,2.0,5.0,6.0,5.0,6.0,7.0,7.0,5.0,44.0,True
128,030,4,CL,0.82169875,,0.82169875,0.9875,,0.9875,0.8321,,0.8321,2250.5333333333333,,2250.5333333333333,1.0,0.0,0.0,5.0,3.0,2.0,3.0,6.0,4.0,5.0,4.0,5.0,3.0,4.0,5.0,6.0,6.0,23.0,38.0,True
129,030,4,NL,0.8408562500000001,0.86525,0.8247847222222222,0.9875,1.0,0.9791666666666666,0.8515,0.86525,0.8423333333333334,1945.1666666666665,1663.9166666666667,2132.6666666666665,1.0,0.0,0.0,0.0,2.0,1.0,1.0,2.0,0.0,6.0,6.0,6.0,7.0,7.0,6.0,7.0,7.0,6.0,52.0,True
130,030,5,CL,0.8672225,0.8682142857142858,0.8646666666666666,0.9875,0.9821428571428571,1.0,0.8782,0.8840000000000001,0.8646666666666666,1536.9,1301.904761904762,2085.222222222222,1.0,0.0,0.0,3.0,3.0,3.0,1.0,6.0,0.0,6.0,6.0,6.0,5.0,6.0,5.0,7.0,7.0,16.0,48.0,True
131,030,5,NL,0.8995137500000001,0.8718750000000001,0.9181666666666667,0.9875,0.96875,1.0,0.9109,0.9,0.9181666666666667,1679.1333333333337,1068.75,2086.055555555555,1.0,0.0,0.0,0.0,1.0,0.0,1.0,5.0,0.0,6.0,6.0,6.0,7.0,6.0,6.0,7.0,7.0,7.0,51.0,True
132,030,6,CL,0.827735,0.826875,0.8281597222222223,0.95,0.9375,0.9583333333333334,0.8713000000000001,0.882,0.8641666666666667,1517.2333333333331,1088.3333333333335,1803.1666666666667,4.0,0.0,0.0,3.0,2.0,3.0,2.0,5.0,1.0,6.0,5.0,6.0,5.0,6.0,5.0,7.0,7.0,16.0,47.0,True
133,030,6,NL,0.8816139,0.9363333333333334,0.8025831250000001,0.967,1.0,0.9175,0.9117,0.9363333333333334,0.87475,1529.6666666666665,1217.5,1997.9166666666667,0.0,0.0,1.0,0.0,0.0,0.0,1.0,2.0,0.0,7.0,7.0,7.0,7.0,6.0,7.0,7.0,7.0,3.0,55.0,True
134,030,7,CL,0.7926187499999999,0.8058789062499999,0.7406250000000001,0.9625,0.96875,0.9375,0.8234999999999999,0.8318749999999999,0.79,1454.2333333333331,1200.9583333333333,2467.3333333333335,3.0,0.0,0.0,4.0,3.0,3.0,2.0,6.0,1.0,6.0,5.0,5.0,5.0,5.0,4.0,7.0,5.0,19.0,42.0,True
135,030,7,NL,0.7282814000000001,0.5869844444444443,0.7933316326530613,0.917,0.8066666666666666,0.9642857142857143,0.7942,0.7276666666666666,0.8227142857142857,1699.8333333333333,1253.4444444444446,1891.142857142857,4.0,1.0,0.0,1.0,2.0,2.0,2.0,3.0,2.0,7.0,7.0,6.0,6.0,6.0,6.0,7.0,7.0,12.0,52.0,True
136,030,8,CL,0.7538699999999999,0.721561224489796,0.8313333333333334,0.975,0.9642857142857143,1.0,0.7732,0.7482857142857143,0.8313333333333334,2144.5666666666666,1889.2380952380952,2740.3333333333335,2.0,0.0,0.0,5.0,3.0,4.0,1.0,6.0,4.0,5.0,5.0,5.0,4.0,5.0,6.0,6.0,6.0,23.0,42.0,True
137,030,8,NL,0.7226391,0.8796666666666666,0.5034781250000001,0.967,1.0,0.9175,0.7473,0.8796666666666666,0.5487500000000001,1198.2666666666667,1325.8333333333333,1006.9166666666666,0.0,0.0,1.0,0.0,0.0,2.0,3.0,4.0,3.0,7.0,7.0,7.0,6.0,6.0,7.0,6.0,7.0,12.0,53.0,True
138,030,9,CL,0.80053625,0.7630555555555556,0.8147397959183673,0.9125,0.8333333333333334,0.9464285714285714,0.8773,0.9156666666666666,0.8608571428571429,1608.2666666666669,886.2222222222222,1917.714285714286,7.0,0.0,0.0,4.0,1.0,1.0,0.0,3.0,1.0,7.0,6.0,6.0,5.0,6.0,6.0,6.0,6.0,10.0,48.0,True
139,030,9,NL,0.8649374999999999,0.8474375,0.8734166666666666,0.9375,0.875,0.9791666666666666,0.9225999999999999,0.9684999999999999,0.892,1748.1666666666667,1229.0833333333333,2094.222222222222,5.0,0.0,0.0,0.0,1.0,1.0,0.0,1.0,0.0,7.0,7.0,7.0,6.0,6.0,6.0,7.0,7.0,3.0,53.0,True
140,031,1,CL,0.06265466666666665,0.06265466666666665,,0.34299999999999997,0.34299999999999997,,0.18266666666666664,0.18266666666666664,,1451.75,1451.75,,9.0,7.0,0.0,20.0,14.0,19.0,19.0,18.0,20.0,6.0,7.0,3.0,2.0,3.0,2.0,4.0,3.0,110.0,30.0,True
141,031,1,NL,0.29852850000000003,0.11613333333333332,0.6121875,0.509,0.2233333333333333,0.9375,0.5865,0.52,0.653,948.1666666666665,1170.7777777777776,280.3333333333333,5.0,10.0,1.0,16.0,12.0,14.0,18.0,11.0,19.0,7.0,5.0,4.0,2.0,1.0,5.0,5.0,3.0,90.0,32.0,True
142,031,2,CL,0.7290500000000001,0.765275,0.692825,0.875,0.875,0.875,0.8332,0.8746,0.7918000000000001,1149.4,981.2,1317.6,10.0,0.0,0.0,16.0,12.0,12.0,13.0,14.0,10.0,5.0,3.0,3.0,2.0,3.0,2.0,4.0,3.0,77.0,25.0,True
143,031,2,NL,0.6820149,0.809725,0.563696,0.8295,0.875,0.784,0.8221999999999999,0.9254,0.719,932.6333333333334,771.5333333333332,1093.7333333333333,11.0,0.0,1.0,4.0,6.0,8.0,7.0,5.0,8.0,6.0,5.0,5.0,3.0,3.0,5.0,5.0,3.0,38.0,35.0,True
144,031,3,CL,0.72355125,0.7863333333333333,0.6971020408163265,0.8625,0.875,0.8571428571428571,0.8389,0.8986666666666667,0.8132857142857143,1542.366666666667,1418.7777777777776,1595.3333333333335,11.0,0.0,0.0,15.0,12.0,7.0,7.0,14.0,11.0,6.0,3.0,5.0,4.0,3.0,5.0,4.0,4.0,66.0,34.0,True
145,031,3,NL,0.8091125,0.8382499999999999,0.779975,0.875,0.875,0.875,0.9247,0.958,0.8914,1230.9999999999998,1197.0000000000002,1265.0000000000002,10.0,0.0,0.0,7.0,7.0,5.0,5.0,6.0,7.0,6.0,3.0,4.0,3.0,4.0,5.0,4.0,4.0,37.0,33.0,True
146,031,4,CL,0.7458690555555556,0.7239342,0.770672,0.7715,0.759,0.784,0.9667777777777778,0.9538,0.983,1758.8148148148148,1677.8,1860.0833333333333,13.0,1.0,1.0,12.0,9.0,8.0,9.0,13.0,11.0,6.0,6.0,4.0,2.0,4.0,5.0,5.0,3.0,62.0,35.0,True
147,031,4,NL,0.8945505,0.9339999999999999,0.8557500000000001,0.9045,0.9339999999999999,0.875,0.9890000000000001,1.0,0.9780000000000001,1949.8333333333333,1584.7999999999997,2314.866666666667,5.0,0.0,1.0,4.0,6.0,7.0,5.0,7.0,6.0,6.0,5.0,5.0,4.0,5.0,4.0,5.0,5.0,35.0,39.0,True
148,031,5,CL,0.7955597222222223,0.8342291666666667,0.7155833333333333,0.9625,0.9583333333333334,0.96875,0.8265555555555556,0.8704999999999999,0.7386666666666667,1906.1666666666665,1863.4444444444446,1970.25,3.0,0.0,0.0,13.0,7.0,10.0,6.0,15.0,12.0,6.0,4.0,5.0,4.0,5.0,5.0,5.0,4.0,63.0,38.0,True
149,031,5,NL,0.80225145,0.8479114285714284,0.6975833333333334,0.9295,0.9349999999999999,0.9166666666666666,0.8631,0.9068571428571428,0.7610000000000001,1923.9666666666667,1999.714285714286,1747.2222222222224,3.0,0.0,1.0,6.0,7.0,8.0,5.0,8.0,8.0,6.0,5.0,5.0,5.0,4.0,6.0,5.0,5.0,42.0,41.0,True
150,031,6,CL,0.79069375,0.7859375000000001,0.79625,0.9625,0.9375,1.0,0.8215,0.8383333333333334,0.79625,1927.7000000000003,1815.6666666666667,2095.75,3.0,0.0,0.0,7.0,5.0,6.0,6.0,6.0,7.0,6.0,3.0,6.0,4.0,4.0,6.0,5.0,5.0,37.0,39.0,True
151,031,6,NL,0.7592760000000001,0.67651875,0.8169791666666666,0.917,0.855,0.9583333333333334,0.8280000000000001,0.79125,0.8524999999999999,1799.6666666666665,1659.0,1893.4444444444446,4.0,1.0,0.0,4.0,5.0,5.0,4.0,5.0,6.0,6.0,5.0,5.0,6.0,5.0,5.0,5.0,6.0,29.0,43.0,True
152,031,7,CL,0.8295788,0.7758183999999999,0.8826,0.9339999999999999,0.868,1.0,0.8882,0.8937999999999999,0.8826,1601.8333333333335,1307.6666666666665,1896.0,0.0,1.0,1.0,7.0,4.0,6.0,7.0,6.0,7.0,6.0,4.0,6.0,4.0,5.0,5.0,5.0,5.0,37.0,40.0,True
153,031,7,NL,0.8796450000000002,0.918,0.875432098765432,0.975,1.0,0.9722222222222222,0.9022000000000002,0.918,0.9004444444444444,2080.4333333333334,1706.0,2122.037037037037,2.0,0.0,0.0,3.0,5.0,3.0,5.0,3.0,5.0,6.0,5.0,5.0,5.0,5.0,5.0,5.0,5.0,24.0,41.0,True
154,031,8,CL,0.66100925,0.6277335,0.6869999999999999,0.8634999999999999,0.7725,1.0,0.7655000000000001,0.8126000000000001,0.6869999999999999,1361.9,1252.9444444444446,1525.3333333333335,3.0,2.0,1.0,3.0,3.0,8.0,7.0,3.0,11.0,6.0,3.0,6.0,5.0,5.0,5.0,5.0,5.0,35.0,40.0,True
155,031,8,NL,0.6981649999999999,0.736694693877551,0.6120233333333333,0.9339999999999999,0.9528571428571428,0.89,0.7474999999999999,0.7731428571428571,0.6876666666666665,1684.6333333333337,1527.3809523809523,2051.5555555555557,0.0,1.0,1.0,2.0,3.0,2.0,4.0,4.0,5.0,6.0,5.0,6.0,5.0,5.0,5.0,5.0,5.0,20.0,42.0,True
156,031,9,CL,0.5641208,0.48469999999999985,0.5975306122448979,0.7715,0.6549999999999999,0.8214285714285714,0.7312,0.7399999999999999,0.7274285714285714,1738.8333333333333,1380.5555555555557,1892.3809523809523,13.0,1.0,1.0,6.0,5.0,7.0,7.0,6.0,8.0,6.0,2.0,4.0,3.0,4.0,5.0,4.0,3.0,39.0,31.0,True
157,031,9,NL,0.6327551999999999,0.6109313580246913,0.831,0.768,0.7422222222222222,1.0,0.8238999999999999,0.823111111111111,0.831,1862.3666666666668,1824.5555555555557,2202.6666666666665,8.0,3.0,1.0,3.0,4.0,3.0,5.0,4.0,3.0,6.0,5.0,5.0,4.0,4.0,5.0,5.0,4.0,22.0,38.0,True
158,032,1,CL,0.7650714499999999,0.7975368749999999,0.7428125000000001,0.9295,0.9175,0.9375,0.8230999999999998,0.86925,0.7923333333333334,1125.8666666666666,837.0,1318.4444444444446,3.0,0.0,1.0,8.0,8.0,4.0,5.0,8.0,2.0,7.0,5.0,5.0,5.0,4.0,6.0,6.0,5.0,35.0,43.0,True
159,032,1,NL,0.6303960000000001,0.6978307142857143,0.49867333333333325,0.702,0.7221428571428571,0.6549999999999999,0.8980000000000001,0.9663333333333334,0.7613333333333333,580.4333333333333,734.8571428571429,220.1111111111111,8.0,4.0,2.0,3.0,4.0,2.0,4.0,2.0,1.0,7.0,5.0,5.0,5.0,5.0,6.0,5.0,5.0,16.0,43.0,True
160,032,2,CL,0.85585875,0.8490416666666667,0.86603125,0.8625,0.8541666666666666,0.875,0.9923,0.9940000000000001,0.98975,1476.7666666666667,1524.2222222222224,1405.5833333333333,11.0,0.0,0.0,5.0,2.0,2.0,2.0,5.0,0.0,6.0,4.0,6.0,5.0,5.0,5.0,6.0,6.0,16.0,43.0,True
161,032,2,NL,0.8407299000000001,0.9375,0.817204921875,0.867,0.9375,0.849375,0.9697000000000001,1.0,0.962125,1795.2,1391.3333333333333,1896.1666666666665,8.0,1.0,0.0,2.0,2.0,0.0,0.0,4.0,2.0,7.0,5.0,5.0,6.0,5.0,6.0,5.0,5.0,10.0,44.0,True
162,032,3,CL,0.5935578,0.6333333333333333,0.5685465306122448,0.834,1.0,0.7628571428571428,0.7117,0.6333333333333333,0.7452857142857142,1543.1666666666665,993.888888888889,1778.5714285714287,8.0,1.0,1.0,8.0,8.0,8.0,10.0,9.0,8.0,6.0,6.0,6.0,4.0,5.0,6.0,5.0,5.0,51.0,43.0,True
163,032,3,NL,0.9173774999999998,0.9049131944444444,0.9358124999999999,0.975,0.9791666666666666,0.96875,0.9408999999999998,0.9241666666666667,0.966,1583.9,1397.5555555555554,1863.4166666666667,2.0,0.0,0.0,1.0,2.0,1.0,0.0,2.0,1.0,7.0,7.0,6.0,6.0,6.0,6.0,5.0,5.0,7.0,48.0,True
164,032,4,CL,0.7562711999999999,0.7063301388888891,0.8341828125,0.834,0.7991666666666667,0.88625,0.9067999999999999,0.8838333333333335,0.94125,1289.7333333333331,1205.4444444444446,1416.1666666666667,8.0,1.0,1.0,3.0,2.0,0.0,3.0,3.0,2.0,6.0,5.0,6.0,5.0,5.0,6.0,5.0,5.0,13.0,43.0,True
165,032,4,NL,0.7942989999999999,0.8152667346938776,0.74582,0.8965,0.8992857142857142,0.89,0.8859999999999999,0.9065714285714286,0.8380000000000001,1804.8666666666663,1756.3333333333335,1918.1111111111113,3.0,1.0,1.0,1.0,4.0,4.0,5.0,4.0,5.0,6.0,6.0,6.0,5.0,6.0,7.0,6.0,6.0,23.0,48.0,True
166,032,5,CL,0.9061695500000001,0.8479354166666666,0.996,0.9295,0.8825,1.0,0.9749000000000001,0.9608333333333333,0.996,2129.0333333333338,1881.0555555555557,2501.0,3.0,0.0,1.0,4.0,2.0,3.0,2.0,4.0,2.0,6.0,5.0,6.0,5.0,5.0,4.0,5.0,5.0,17.0,41.0,True
167,032,5,NL,0.8828168,0.8997975,0.8576331250000001,0.9339999999999999,0.945,0.9175,0.9452,0.9521666666666667,0.9347500000000001,1693.8333333333333,1279.0,2316.083333333333,0.0,1.0,1.0,1.0,2.0,1.0,1.0,2.0,1.0,6.0,6.0,6.0,6.0,5.0,6.0,6.0,6.0,8.0,47.0,True
168,032,6,CL,0.949025,1.0,0.9434259259259259,0.9625,1.0,0.9583333333333334,0.986,1.0,0.9844444444444443,2113.0666666666666,1769.0,2151.2962962962965,3.0,0.0,0.0,1.0,1.0,1.0,2.0,1.0,0.0,7.0,6.0,6.0,6.0,6.0,6.0,7.0,6.0,6.0,50.0,True
169,032,6,NL,0.9240996,0.99475,0.8773916666666667,0.9339999999999999,1.0,0.89,0.9894000000000001,0.99475,0.9858333333333333,2052.8,1969.416666666667,2108.388888888889,0.0,2.0,0.0,0.0,1.0,0.0,1.0,0.0,0.0,7.0,7.0,6.0,7.0,6.0,6.0,7.0,6.0,2.0,52.0,True
170,032,7,CL,0.9039225,0.9375,0.8956015625,0.9125,0.9375,0.90625,0.9905999999999999,1.0,0.98825,1875.6333333333337,1366.0,2003.0416666666667,7.0,0.0,0.0,4.0,4.0,3.0,3.0,2.0,3.0,6.0,6.0,6.0,5.0,6.0,6.0,6.0,5.0,19.0,46.0,True
171,032,7,NL,0.905733,0.8783424000000001,0.9294,0.942,0.884,1.0,0.9615,0.9936,0.9294,1969.1666666666665,1694.9333333333332,2243.4,2.0,1.0,0.0,2.0,2.0,1.0,4.0,1.0,2.0,7.0,6.0,6.0,6.0,6.0,6.0,6.0,6.0,12.0,49.0,True
172,032,8,CL,0.8804040000000001,0.7725,0.90689453125,0.892,0.7725,0.921875,0.9870000000000001,1.0,0.98375,1930.3000000000004,1646.6666666666667,2001.2083333333335,6.0,1.0,0.0,3.0,1.0,2.0,1.0,3.0,0.0,6.0,6.0,6.0,5.0,6.0,6.0,6.0,6.0,10.0,47.0,True
173,032,8,NL,0.9847569444444445,0.9780505952380951,1.0,0.9875,0.9821428571428571,1.0,0.9972222222222222,0.9958333333333332,1.0,1440.2962962962965,1222.5555555555557,1875.7777777777776,1.0,0.0,0.0,0.0,1.0,2.0,2.0,1.0,0.0,7.0,6.0,6.0,6.0,6.0,5.0,6.0,5.0,6.0,47.0,True
174,032,9,CL,0.59449,0.40378499999999995,0.6704208163265306,0.6725,0.40499999999999997,0.7871428571428571,0.884,0.997,0.8517142857142858,2316.133333333333,2106.6666666666665,2405.904761904762,6.0,7.0,1.0,10.0,8.0,8.0,9.0,9.0,10.0,6.0,4.0,4.0,4.0,5.0,5.0,4.0,4.0,54.0,36.0,True
175,032,9,NL,0.6950979999999999,0.6055472222222222,0.7353566326530613,0.734,0.6816666666666666,0.7564285714285715,0.9469999999999998,0.8883333333333333,0.9721428571428572,2319.5666666666666,2044.4444444444443,2437.476190476191,11.0,4.0,0.0,5.0,6.0,4.0,6.0,5.0,6.0,6.0,5.0,5.0,5.0,6.0,6.0,5.0,5.0,32.0,43.0,True
